ID,Bearbeiter,Active,quelle,titel_de,description_de,group,Dauer (Minuten),Schwerpunkt,Level,Anleitung,Material,Unnamed: 12
1.0,Michael,Ja,HOME,Abheben,"Baut ein Objekt, welches mind. 15 s in der Luft bleiben kann. Verwende dabei die dir zu Verfügung stehenden Utensilien.", ,40-60,,2,,-,
2.0,Michael,,HOME,Augen zu!,Holt euch beim Pices eine Fragenliste ab - jeder aus eurer Kleingruppe hat ab diesem Zeitpunkt einmal die Möglichkeit die Patrulle darum zu bitten sofort die Augen zu schließen (achtet auf sichere Situationen!) und ihm die Fragen der Liste zu beantworten. Besprecht am Ende mit euren LeiterInnen was euch aufgefallen ist und ob sich über die verschiedenen Runden etwas verändert hat!,.,60,,3,,Fragenliste,Frage Liste? eventuell ja nach fragen mänge level 2 wehniger zeit
3.0,Michael,Ja,HOME,Auszeit,Verbringt allein eine Stunde schweigend - wahlweise zurückgezogen an einem stillen Ort oder im Getummel des Lageralltags. Teilt danach untereinander Erfahrungen. , ,60,,1,,-,
4.0,Michael,Ja,HOME,Ballspiel,Fordere eine andere Kleingruppe zu einem Ballspiel heraus das ca. 30 min geht., ,30,,2,,Ball,
5.0,Michael,Ja,HOME,Bank Challenge ,Einer aus eurer Patrulle in liegt auf einer Heurigenbank/ Bierbank. Er muss nun ohne den Boden zu berühren unter der Bank durchklettern bis er wieder darauf liegt. Die Bank darf nicht gehalten werden. , ,15,,1,,Bierbank,
6.0,Michael,Ja,HOME,BAU-Challenge,"Baut einen besonderen Lagerbau wie z.B. einen Pool, einen Turm oder ein Flugzeug.", ,90,,2,,-,
7.0,Michael,Ja,HOME,Blinder Spaziergang,"Macht einen blinden Spaziergang in der Nähe des Lagerplatzes. Einer von euch ist der sehende Leiter, der die Gruppe der Blinden führt.", ,30,,2,,Augenbinden,
8.0,Michael,Archiv,HOME,Body Groove,"Body Groove Ist ein pures Bewegungs- und Rhythmusvergnügen. Mit abwechslungsreichen Rhythmen ist Bod Groove überall einsetzbar und fasziniert mit raffinierten Bewegungsfolgen. Body Groove ist ein Arbeit mit Rhythmus und Musik, sie fördert   Geschicklichkeit, Mut und Spontanität, schult Aufmerksamkeit und Gedächtnis und stärkt Selbstbewusstsein, Kommunikationsfähigkeit und Fantasie. Berenike Heidecker ist Rhythmikerin und Musikerin und macht Body Groove für euch zum rhythmischen Erlebnis. ",.,,.,,,-,
9.0,Michael,Ja,HOME,Bumerang ,"Baut und gestaltet einen Bumerang aus Holz, der immer nach HOME zurückkehrt. Anleitung und Material findet ihr im DiscO. ", ,60,,2,https://www.selbst.de/bumerang-bauen-46941.html,"Cuttermesser, Feile, Laubsäge, (Stichsäge), Schleifpapier, viellagiges Sperrholz (4-5 mm)",
10.0,Michael,Archiv,HOME,Challenge Valley/ Auf der Flucht,"Absolviere den Hindernislauf ""Challenge Valley"". Anmeldung beim Challenge Valley Team!", ,60-90,,3,,-,
11.0,Michael,Ja,HOME,Colormatch,Finde jemanden dessen Gruppenhalstuch aus denselben Farben wie dein eigenes besteht (aus einer andern Gruppe). ,Einzel,15,,1,,-,
12.0,Michael,Ja,HOME,Cultureclash I,"Lerne etwas aus einer anderen Kultur z.B. ein Lied, ein Spiel, ein Ritual, …", ,30,,1,,-,
13.0,Michael,Ja,TOGETHER,Cultureclash II,Lerne dich in einer anderen Sprache (keine aus deinem Standard repatuiere/aus der Schulbildung)  vorzustellen., ,30,,1,,Karten mit Begrüßungsformel,
14.0,Michael,Ja,HOME,Das Lied,Dichtet einen bekannten Song um zu einen Lied über das TOGETHER., ,30,,2,,-,
15.0,Michael,Ja,HOME,Deine Hood,"Malt als Kleingruppe einen personalisierten Plan vom Lagerplatz. Es geht dabei nicht darum Maßstäbe einzuhalten oder sich an vegebene Location-Namen zu erinnern. Finde heraus was eure Umgebung zu bieten hat - wo ist der beste Zugang zur Ager? Knman irgendwo sitzen udn Tiere beobachten? Wo findet sch zu jeder Uhrzeit ein schattiges Plätzchen und wo lässt es sich geheim knutschen? Wo kriegt man Kondome her? Zeichnet alles für euch wichtige, spannende, lustige... in eure Landkarte ein!", ,60,,3,,"A3 Papier, Stifte",
16.0,Michael,Ja,HOME,Der Pariser ,Findet fünf sinnvolle Alternative Einsatzmöglichkeiten für ein Kondom. , ,10,,1,,"Zettel, Stift",
17.0,Michael,,HOME,Diversity,Gestaltet mit einer anderen Kleingruppe ein Plakat zum Thema Diversity und hängt es am Marktplatz auf. Input bekommt ihr im Pices., ,60,,3,,"A3 Papier, Stifte, Infomaterial",Infomaterial
18.0,Michael,Archiv,HOME,Dodekaeder,Baut ein Dodekaeder aus Holz und Plastilin. Material bekommt ihr im DiscO., ,-,,1,,-,
19.0,Michael,Ja,HOME,Durchschnittsalter ,Finde das Durchschnittsalter am Lager heraus! , ,15,,1,,-,
20.0,Michael,Ja,TOGETHER,Durchschnittsgröße,Finde die Durchschnittsgröße am Lager heraus!,,15,,1,,-,
21.0,Michael,Archiv,HOME,Escape the tent,Anmeldung beim escape the tent Team, ,30-45,,3,,-,
22.0,Michael,Ja,HOME,Flussquerung I,"Überquere die Ager/ alle müssen queren, mind. 1 darf das Wasser nicht berühren (bestehende Brücken dürfen nicht genutzt werden).", ,60,,2,,-,
23.0,Michael,Ja,TOGETHER,Flussquerung II,Stelle der Querung wird von uns vorgegeben (Breite und Tiefe erfordert Material), ,90,,3,,"Seil, Brett, Kanister, Ball, Plastikplane, (ein Kondom)",
24.0,Michael,Ja,HOME,Fotolovestory NOT,"Nessi, Messi, Sassi, Po und ihre Freunde gehen auf Reisen! Helf ihnen gmeinsam mit euch den Lagerplatz zu entdecken und diese Reise dabei mit einer Fotolovestory zu verewigen.", ,60-90,,2,,evtl. Verkleidungen o. Fotorequisiten,
25.0,Andreas,,HOME,Foto-Wand Challenge ,"Am Marktplatz werden ab Tag 1 Fotos von einzelnen Lagerteilnehmerinnen aufgehängt. Finde eine dieser dir unbekannten Personen, mach ein Foto mit ihr und dem ausgestellten Bild und lass euer Foto bei DiskQ ausdrucken und aufhängen.", ,bis 120,,1,,"Fotos Lagerteilnehmer,, Drucker?",
26.0,Andreas,,HOME,Fotowandchallenge 3.0,"Am Marktplatz werden ab Tag 3 Fotos von mehreren LagerteilnehmerInnen aufgehängt. Finde mind. 10 dieser dir unbekannten Personen von einem Foto, mach ein Foto mit ihnen und dem ausgestellten Bild und lass euer Foto beim DiscO ausdrucken und aufhängen.", ,bis 180,,3,,"Fotos Lagerteilnehmer, Drucker?",
27.0,Andreas,,HOME,Friedenskonferenz,Ihr beschäftigt euch mit Konfliken und deren Beilegung und tauscht euch dazu aus. Anleitung und Material bei Pieces., ,60,,3,,?,
28.0,Andreas,,HOME,Frisbee-Golf,"Sucht euch immer neue Ziele, die ihr versucht mit dem Frisbee zu treffen. Wie viele Würfe benötigt ihr für 18 ""Loch""?", ,45-60,,2,,Frisbee,
29.0,Andreas,,HOME,Glücksbringer,"Seid einen Tag lang echte Glücksbringer am Lagerplatz - achtet darauf, was die Leute die euch umgeben Super macht uns sagt es Ihnen! Schöne Sonnenbrillen! voll lieb, dass du mir mithilfst! Deine Geschichten sind voll lustig! Du hast superschöne Augen! Unterhaltet euch am Abend darüber, wie euer Geggenüber reagiert hat und wie es euch dabei gegangen ist! ",.,1 Tag,,2,,-,
30.0,Andreas,,HOME,Griaß di! ,Jeder aus eurer Patrulle bekommt eine Karte auf der eine Begrüßungsform beschrieben ist. Ließt sie euch durch und begrüßt entsprechend die anderen. Tauscht euch danach dazu aus. ,Einzel,15,,1,,Karten mit Begrüßungsformel,
31.0,Andreas,,HOME,"Here, there, everywhere - together not alone",Ihr führt herausfordende Partneryogaübungen durch - Anmeldung im DiscO., ,45-60,,2,,Yogastellungen?,
32.0,Andreas,Archiv,HOME,High Kicks,Bewältigt in der Kleingruppe den Hochseilgarten High-Kicks! Action in schwindelerregender Höhe garatniert. Anmeldung im DiscO.,.,,,1,,-,
33.0,Andreas,,HOME,HOME aus Menschen,Bildet gemeinsam mit einer oder zwei anderen kleinen Gruppen aus euren Körpern den Schriftzug HOME und macht ein Foto davon! , ,20,,1,,-,
34.0,Andreas,,HOME,Hütte,Baut eine Hütte/ einen Unterstand aus Naturmaterialien in die/ in den ihr alle reinpasst und macht ein Selfie von euch in eurer Hütte., ,90,,2,,-,
35.0,Andreas,,HOME,Hygiene I,Besucht den Container das Roten Kreuzes. Entdeckt die Hygienefallen am Lager und setzt euch mit einer davon auseinander. , ,40,,1,???,-,
36.0,Andreas,,HOME,Hygiene II,"Auf Basis der Challenge ""Hygiene I"" versucht ihr die Hygienestandards auf dem Lager mit gezielten Maßnahmen zu verbessern.", ,60-90,,2,???,-,
37.0,Andreas,,HOME,Inselexperiment ,"Stellt euch vor gemeinsam auf einer einsamen Insel gestrandet zu sein, auf der nur bestimmte Ressourcen vorhanden sind und wo ihr nun entscheiden müsst,  wie ihr euer Zusammenleben regelt und mir diese Ressourcen bestmöglich nutzen können. Das Ziel ist es, euch gemeinsam auf eine Lösung zu einigen und die unterschiedlichen Möglichkeiten zu besprechen. Material in DiscO. ",Gruppe,60,,2,,-,
38.0,Andreas,,HOME,International Selfie,Macht mit mind. 4 ausländischen Kleingruppen ein Selfie., ,30,,2,,-,
39.0,Andreas,,HOME,Knots 2.0 Do our own paracord,"Kreatives Gestalten mit Schnüren und Knoten. Erstelle dein eigenes Paracord in Form von Anhängern, Armbändern u.a. Anmeldung im DiscO.", ,40-60,,3,,Paracord,
40.0,Andreas,,HOME,"Komm, spiel mit mir ",Sucht euch eine zweite Patrulle und bringt euch gegenseitig ein Spiel bei! , ,30,,1,,-,
41.0,Andreas,,HOME,Lach-Yoga,Leitet am Marktplatz die vorbeigehenden CaEx zu Lachyoga an (Yoga+Lachen). Schaut euch dazu zunächst ein Youtube Video an!, ,90,,3,,-,
42.0,Andreas,,HOME,Lagerplatzumrundung,"Geht zu Fuß (hüpfen, laufen, rennen…) einmal rund um den Lagerplatz (alle Stufen)! Mutige drürfen sich ein Fahrrad organisieren...",Einzel o. Gruppe,60,,3,,-,
43.0,Andreas,,HOME,Lebensgeschichte,"Erfahre mehr über Erlebnisse mit unterschiedlichen Gefühlen, welche deiner Kleingruppenmitgliedern gemacht haben.", ,30,,2,,-,
44.0,Andreas,,HOME,Leonardo Brücke I,"Baue eine Brücke ohne den Einsatz von Seilen, Nägeln und sonstigen Hilfsmitteln mit den dir zur Verfügung gestellten Sparteln oder Streichhölzer.", ,10-15,,2,,"Holzspatel, Streichölzer, Eisstiele, Zahnstocher",
45.0,Andreas,,HOME,Leonardo Brücke II,"Baue eine Brücke ohne den Einsatz von Seilen, Nägeln und sonstigen Hilfsmitteln.", ,20-30,,3,,-,
46.0,Andreas,,HOME,Lied gurgeln ,Gurgelt gemeinsam ein Lied. , ,10,,1,,-,
47.0,Andreas,,HOME,Manekin Challenge,"Macht ein Video in dem eure Patrulle (und/oder mehr) wie in der Manekin-Challenge komplett ruhig steht. Dabei wäre es toll, wenn ihr euch kreative Posen überlegt die ein ganzes Bild ergeben. ", ,30-60,,2,,-,
48.0,Andreas,,HOME,Massage Kreis ,Tut euch gegenseitig etwas Gutes. Setzt euch im Kreis und massiert den Rücken der Person vor euch. , ,15,,1,,-,
49.0,Roland,Abstimmung,HOME,Meisterköche,Kocht für eine andere Patrulle mit!, ,60,,2,,Eventueller Tausch gegen Cocktails machen,
50.0,Roland,Archiv,HOME,Messer schnitzen,"Aus einem Stück Holz schnitzt du eine Buttermesser wie es in Schweden oft verwendet wird. Nach dem Übertragen der Konturen wird mit verschiedenen Werkeugen (Säge, Taschenmesser, Feile, Schleifpapier) Schritt für Schritt ein Messer geschnitzt und in Form gebracht.",.,,,3,,-,
51.0,Roland,Ja,HOME,Nachhaltigkeit,Macht euch Gedanken zum Thema Nachhaltigkeit am Lagerplatz. Was könnte verbessert werden? Schreibt uns eure Ideen auf., ,60,,3,,"Papier, Stifte, Ideenbox , Weitergabe Projektleitung",
52.0,Roland,,HOME,Origami,Faltet mindestens drei verschiedene Figuren. Vorlagen bekommt ihr bei den pieces, ,30,,1,https://einfach-basteln.com/faltanleitungen/origami/,"Vorlagen, Papier, https://einfach-basteln.com/frosch",
53.0,Roland,Abstimmung,HOME,"Percussion, Drums & Bodygrooves","Lasst euch vom Rhythmus mitreißen, wenn ihr in der Großgruppe auf Djemben, Cyjons, Percussion-Instrumenten und mit eurem Körper einen gemeinsamen Groove findet. Gestaltet eure Beats und Sounds auf Trommeln, Bechern, mit eure Händen und allem was man sonst noch so zum Klingen bringen kann. Seid schnell im Reagieren, kreativ, mutig und laut! Es wird bunt uns abwechslungsreich! Berenike Heidecker etc.",.,,,3,,Clemens fragen ob es für anfänger was für cajon gibt,
54.0,Roland,,HOME,Phantasie Reise ,Erlebt eine spannende Phantasie Reise. , ,30,,1,https://meditationsleiter.de/meditationen-anleitung-empfehlung/download-phantasiereisen/,Phantasiereise vom Internet,
55.0,Roland,ja,HOME,Platz ist in der kleinsten Hütte ,"Jeder Körperteil, der den Boden berührt, muss auch auf dem A4  Blatt Platz finden. Variante: Beginn mit einem A0  Blatt und faltet dieses immer kleiner bis A4. ", ,20-30,,1,,"Papier (Größe: A0, A4)",
56.0,Roland,Archiv,HOME,Puzzlen,Schnappt euch am Marktplatz ein Puzzle und legt los!, ,,,3,,-,
57.0,Roland,Archiv,HOME,Savonius Rotor,Ihr baut eine Savonius Windturbine und erzeugt damit Strom für eine Lampe. Anleitung und Material bei den pieces, ,120,,3,,?,
58.0,Roland,Ja,HOME,Schwebenden Stange ,"Zwei Teams (z.B. fünf Spieler pro Seite) stehen sich gegenüber. Zwischen ihnen befindet sich ein ähnlicher Tisch. Jeder Spieler erhält einen Zeigefinger in der Mitte. Auf dem Zeigefinger n. d. die Zell Stange. Ziel des Spieles ist es, die Stange auf den Tisch zu legen, ohne dass ein Mittelspieler Kontakt zu diesen Gegenstand verliert. ", ,5-10,,1,,"Tisch, Zeltstange o.Ä.",
59.0,Roland,Ja,HOME,Seilziehen ,Fordert eine andere Kleingruppe zum Seilziehen heraus. Die Gewinnergruppe erhält einen Würfelteil. Vorsicht: wickelt das Seil nicht um eure Hände. , ,15,,1,,Seile,
60.0,Roland,Ja,HOME,spread of love,"Bastelt euch Schilder mit der Aufschrift ""free hugs"" und verteilt eine Stunde lang gratis Umarmungen am Marktplatz. ",Einzel,30-60,,2,,"Karton, Stift, Schere",
61.0,Roland,,HOME,Sternenkunde ,"Bringe deine Unterlagsmatte und schau in die Sterne. Lerne alte neue Sternbilder erkennen und die Geschichte, die sie darstellen. ", ,60,,2,,-,
62.0,Roland,Ja,HOME,Stoamandl,Baut im Bachbett der Ager. Ein 60 cm hohes Stoamandl , ,30,,1,,-,
63.0,Roland,Ja,HOME,Sudoku,Löst gemeinsam ein Sudoku. , ,30,,1,,Sudoku,
64.0,Roland,,HOME,Tastkim,"Fünf Gegenstände befinden sich in einer Kiste. Die Teilnehmer müssen die Gegenstände durchführen erwarten. Sobald sie alle Gegenstände Arten haben, wird einer entfernt und die Teilnehmer müssen feststellen, welcher fehlt. Fünf Teilnehmer jeder Gruppe sollen diese Aufgabe lösen. ", ,20-30,,1,,"Schuhschachtel, Gegenstände (Kondom, Tampon, Pillenblisterpackung, Nagelfeile, Haarbüschel,) Augenbinde",
65.0,Roland,Ja,HOME,Treehuger,"Geht gemeinsam in den Wald und dort paarweie/ als Dreierteam zusammen. Einer verbindet der/ dem Anderen die Augen und führt sie/ihn mehr oder weniger kopliziert vorsichtig (achtung Stopersteine und Äste auf Kopfhöhe) zu einem Baum. Derjenige mit den verbundenen Augen versucht sich nun bestmöglich einzuprägen, welche Eigenschaften der Baum hat und wird wenn er soweit ist wieder zum Ausgangspunkt geführt. Die Augenbinde wird abgenommen, nun muss der ""Blinde"" seinen Baum sehend wiederfinden. Haben alle ihren Baum gefunden wird der anderen Hälfte die Augenbinde angelegt und das Spiel für die anderen wiederholt. Besprecht am Ende mit euren Leitern was ihr erlebt habt - jhabt ihr etwas Spezielles gefühlt? Welche Eigenschaften habt ihr versucht euch einzupräge? War es schwierig euren Baum zu finden? Wie habt ihr ihn wiedererkannt? Hat es lange gedauert? Würder ihr auf etwas Anderes achten wenn ihr noch einmal spielen würdet? Wenn ja worauf?", ,60,,3,,Augenbinden,
66.0,Roland,Ja,HOME,Unterlagerabend,"Gestaltet ein Programm (Lagerfeuer, Spiel, etc.) zu dem das ganze Unterlager eingeladen ist.", ,90,,3,,-,
67.0,Roland,Archiv,HOME,Upcycling,Näht aus alten T-Shirts eine stylische Haube., ,60,,3,,-,
68.0,Roland,Ja,HOME,Wonderworld,"Mal gemeinsam ein Bild von eurer gemeinsamen Wunschwelt. Eurer Phantasie sind keine Grenzen gesetzt. Besprecht im Anschluss, was in der Realität umsetzbar wäre und was wir dazu benötigen würden. ", ,30,,1,,"Papier, Stifte",
69.0,Roland,Ja,HOME,Würfelturm ,Stapelt so viele Würfel wie möglich übereinander. , ,15,,1,,Würfel,
70.0,Roland,Ja,HOME,Yoga Pranayama,"Ihr werder unterschiedliche Atemtechniken kennenlernen, die helfen Körper und Geist zu beeinflussen. Ihr entspannt, bekommt mehr Energie, oder helft euch selbst dabei einen klaren Kopf zu bekommen. - Anmeldung im DiscO!", ,45-60,,2,https://www.yogaeasy.de/artikel/pranayama-die-yogischen-atemuebungen,Anleitung,
71.0,Roland,Archiv,HOME,Let it burn,Übernachte mit deiner Patrulle im Freien und erhalte die ganze Nacht über ein Feuer am Leben, ,ü. N.,,3,,,
72.0,Roland,Archiv,HOME,Kräuterhexe,"Die TN erkunden mit einem Experten die Umgebung auf der Suche nach essbaren Kräutern, Pflanzen und verarbeiten sie bei der nächsten Mahlzeit",.,30-60,,1,,,
73.0,Roland,Archiv,HOME,In den Schuhen des Anderen,Umgang mit dem Thema Demenz; Versuch des Umgangs mit einem gespielen Demenzkaranken, ,90,,3,,,
74.0,Roland,Archiv,HOME,Heimatkunde,"Die Jugendlichen beschäftigen sich ohne die Hilfe von Internet oder Büchern mit einem vorgegbenen Fragenkatalog um herauszufinden, wie viel oder wie wenig sie wissen. Dies kann durch Notizen der Einzelnen, aber auch (danach oder sofort) im Rahmen einer Diskussion sein.",.,,,1,,"Fragenkatalog, Stift",
75.0,Roland,Archiv,HOME,Achtsamkeit I,"Ein Pflanzenkundiger sammelt ca. 10 Blätter oder Blüten und versteckt sie unter einem Tuch. Das Tuch wird für etwa 30 Sekunden hoch gehoben, damit sich die Jugendlichen die Pflanzenteile ansehen können. Danach werden die Jugendlichen los geschickt um die Pflanzenteile zu suchen. ",.,,,1,,,
76.0,Roland,Archiv,HOME,Achtsamkeit II,"Jemand (Programm/Leiter) führt die Jugendlichen an eine Pflanze heran, lässt sie diese 30 Sekunden lang betrachten und danach ohne weiterer Betrachtung zeichnen. ",.,,,1,,,
77.0,Roland,Archiv,HOME,Pflanzenkunde I,"Die Jugendlichen bekommen eine sehr genaue Einschulung zum Thema Löwenzahn (es gibt sehr viele Arten, aber auch einige Pflanzen die dem Löwenzahn sehr ähnlich sehen und üblicherweise mit ihm verwechselt werden). Anschließend graben sie (mit größter Achtsamkeit und Dankbarkeit der Pflanze gegenüber) je eine Löwenzahn-Pfahlwurzel aus um sie dann zu waschen, putzen (schälen) und klein zu schneiden. Die Wurzel wird dann vorsichtig geröstet und im Mörser zerkleinert, Das erhaltene Pulver wird mit kochendem Wasser übergossen und pur (oder mit Zucker?) als Löwenzahn-KAffee genossen.",.,,,1,,"Pfanne, Kochstelle, Mörser, Messer, Tassen",
78.0,Roland,Archiv,HOME,Pflanzenkunde II,Die Jugendlichen besprechen zunächst mit einem Kräuterkundigen die Brennessel (Verwechslungsgefahr? Wann/wo/wie sammeln? ) um dann je nachdem was zu finden ist: - Brennesselsamen ernten (rösten und mit Erdäpfeln und Butter verspeisen); - Brennesselblätter sammeln (mit kochendem Wasser übergießen)  Tee (nicht abends!),.,,,1,,"Topf, Kochstelle, Tassen, Erdäpfel, Butter, Salz",
79.0,Kerstin,,TOGETHER,Upcycling I,Bastel dir aus Plastikmüll ein Haustier!, ,,,1,,-,
80.0,Susi,,TOGETHER,Holla da reitulio!,Lerne einen Jodler - App oder Youtube, ,,,1,,-,
81.0,Susi,,TOGETHER,Wer bin ich?,Charakterdiamant - Fülle den Testbogen aus und finde etwas über deinen Charakter heraus., ,,,1,,Testbögen,
82.0,Susi,,TOGETHER,Sternenkunde 2.0,Stellarium-App; z.B. aus welchen Sternen besteht dein Sternzeichen?, ,,,1,,-,
83.0,Susi,Ja,TOGETHER,Glück oder Unglück,Wachsgießen, ,,,1,,"Wachs, Kerze, Glas, Löffel, Lösungen",
84.0,Susi,,TOGETHER,Sekundenkritzelei,"Zwei TN haben 1 Zettel und 1 Stift. Einer beginnt und zeichnet eine willkürliche Form/ Figur/ Strich auf den Zettel. Der andere TN muss nun daraus etwas erkennbares Zeichnen. Danach wird abwechseln so lang gezeichnet, bis ein A4 Blatt befüllt ist.", ,,,1,,"Papier, Stift",
85.0,Susi,,TOGETHER,Perfect Scout Image,Ich packe meinen Koffer Bild mit allem was ein Pfadfinder braucht: vergiss dich selbst nicht!, ,,,1,https://encrypted-tbn0.gstatic.com/images?q=tbn:ANd9GcRuczZBIPU7X1QJcy3GYCDwC2xHz2Wp2SKOng&usqp=CAU,-,
86.0,Susi,,TOGETHER,Riesenseifenblase,Erzeuge eine Riesenseifenblase und versuche ihre Länge oder ihren Durchmesser zu bestimmen, ,,,1,https://www.naju-bw.de/fileadmin/Bilderdatenbank/Jugend/Aufstand/2016/riesige_Seifenblasen_-_Waldstein.jpg,Seifenblasenflüssigkeit,
87.0,Susi,,TOGETHER,Fest oder Flüssig,"Mische Stärke und Wasser; Beschreibe die Konsitenz/Zustand; Nimm eine handvoll Masse, mach eine Faust und schau was passiert!", ,,,1,,"Stärke, Schüssel",
88.0,Susi,,TOGETHER,Solarofen,Baue einen Solarofen und erhitze darin Wasser; nutze es für einen Kaffee oder Tee, ,,,1,https://www.youtube.com/watch?v=vD8GxZp5z6U,"Alufolie, Kleber, Glas",
89.0,Susi,,TOGETHER,Luftballonrakete,Baue eine Luftballonrakete zwischen dir und deiner Nachbarpatrulle: schau ob du es schaffst das Ziel zu erreichen, ,,,1,https://www.sonnentaler.net/aktivitaeten/materie/luft/luft-modul/images/luftballonrakete.jpg,"Schnur, Luftballon, Strohhalm, Klebeband, Wäscheklammer",
90.0,Susi,,TOGETHER,"Sonnenenergie, aber wie?",Baue eine Sonnenmühle, ,,,1,https://www.l.de/ziemlichbesteenergie/selber-machen/sonnenmuehle/,"Glas, Zahnstocher, Alufolie, Papier, Kleber, Schere, Schnur",
91.0,Susi,,TOGETHER,Gute Tat,"Zieh ein Los aus der Losebox und befolge die Anweisung: eine gute Tat wartet auf dich! z.B. Kaffee für den Leiter, Massage, etc.", ,,,1,,"Lose, Losebox",
92.0,Susi,,TOGETHER,Wasser sparen,Versuche einen Tag möglichst wenig Wasser zu verwenden bzw. vor allem zu verschwenden. , ,,,1,,-,
93.0,Susi,,TOGETHER,Wegweiser,Nimm dir die Richtungspfeile mit den Stadtnamen und Entfernungen und klebe sie mit der richtigen Himmelsrichtung/ Orientierung an den Pfahl. , ,,,1,https://us.123rf.com/450wm/namfonhodes/namfonhodes1705/namfonhodes170500012/78685637-distanzmarkierung-und-wegweiser-zu-den-hauptst%C3%A4dten-auf-der-ganzen-welt-gegen-einen-sch%C3%B6nen-blauen.jpg?ver=6,"Wegweiservorlage (> Kerstin), Reißnägel",
94.0,Susi,,TOGETHER,Einfach mal abhängen,"Suche etwas, an das du dich kopfüber hängen kannst und mach ein Foto (upside down)", ,,,1,,-,
95.0,Susi,,TOGETHER,Tarnung,Such dir einen geeigneten Hintergrund und versuche (zumindest) teilweise mit ihm zu verschmelzen., ,,,1,https://media.gettyimages.com/id/1249796872/de/foto/camouflage.jpg?s=612x612&w=gi&k=20&c=A_Q_YkCdY9t8TW29W5X41wxig1ivZVlSiQOMs_zMHjM=,-,
96.0,Susi,,TOGETHER,Anonym,"Such dir 9 andere CaEx, legt euch im Kreis auf den Boden, bedeckt eure Gesichter mit einem Luftballon und lasst euch so fotografieren", ,,,1,https://img.freepik.com/fotos-premium/freunde-die-auf-einer-party-mit-luftballons-auf-dem-boden-liegen_53876-158310.jpg?w=2000,Luftballons,
97.0,Susi,,TOGETHER,Festkleben,Einen anderen CaEx mit Gaffa an einen Baum o.Ä. kleben, ,,,1,,Gaffa,
98.0,Susi,,TOGETHER,Schattenspiel,Es gibt eine Schattenvorlage mit verschiedenen Formen/ Tieren o.Ä. und TN müssen diese nachstellen, ,,,1,,Schattenvorlage,
99.0,Susi,Ja,TOGETHER,Gordischer Knoten,, ,,,1,,-,
100.0,Susi,Ja,TOGETHER,Teebeutel-Mundweitwurf,Jeder Spieler bekommt einen nassen Teebeutel. Auf das Etikett (am Ende der Schnur) wird gebissen und dann wird mit Schwung der Teebeutel so weit wie möglich weggeschleudert. Trete gegen 4 anderen an., ,,,1,,Teebeutel,
101.0,Susi,Archiv,TOGETHER,Weltenbummler,"Es gibt eine Geschichte über einen Reisenden, der um die ganze Welt gereist war. An einer Wand hängt eine große Karte mit Stecknadeln für viele Städte auf der ganzen Welt. Die Spieler müssen eine Schnur nehmen und die Geschichte des Reisenden verfolgen, indem sie sie um jede erwähnte Stadt binden. Nach dem Ende der Geschichte bildet die Zeichenfolge, die die Städte verbindet eine Zahl/ Symbol. Finde die richtige Lösung!", ,,,1,,"Geschichte, Landkarte, Stecknadeln, Faden (farbig)",
102.0,Susi,Ja,TOGETHER,Dominos,Dominosteine aufreihen und danach laufen lassen. (Anzahl ?), ,,,1,,Domino-Steine,
103.0,Susi,Ja,TOGETHER,Wo ist Hubert?,Ein oder mehrere Kuscheltier auf dem Lagerplatz verstecken. Wer findet ihn/sie? (WANTED Bilder?), ,10-45,,3,,"Kuscheltiere, WANTED-Plakate (>Kerstin)",
104.0,Susi,Ja,TOGETHER,Rettung naht,Oh was ist das? Suche die Klopapierrolle auf dem Ast und versuche sie - wie auch immer - herunterzuholen., ,20,,2,,Klopapierrolle,
105.0,Kerstin,,TOGETHER,Obacht!,Wasserbecher-Labyrinth: Gruppe aus mind. 6; einer steht blind in einem 1x2m Bereich. Um ihn herum gefüllte Wasserbecher. Die anderen müssen ihm den Weg beschreiben ohne dass Becher umfällt., ,15,,2,,"Plastikbecher, Augenbinde",
106.0,Kerstin,,TOGETHER,"Klein, aber fein",Baue ein Miniatur-Lagertor aus Zahnstocher und/oder Schaschlikspießen, ,20,,2,,"Schaschlikspieße, Zahnstocher",
107.0,Kerstin,,TOGETHER,A-Lauf,"Suche dir 4 weitere Teilnehmer. Baue aus Stangenholz ein ""A"" und befestigte oben 4 Seile (zu jeder Seite eines); einer setzt sich auf die Querstange und die anderen versuchen durch Ziehen an den Seilen, das ""A"" nach vorne zu bewegen. Distanz: ca. 50 m", ,25,,2,,Seile,
108.0,Kerstin,,TOGETHER,Zahlen- oder Wortlabyrinth,Finde den richtigen Weg und löse das Rätsel., ,10,,2,,Zahlen- o. Wortlabyrinth,
109.0,Kerstin,,TOGETHER,Planeten (Experiment),Wähle ein Experiment zu den Planeten und führe es durch: (1) Temperatur auf dem Merkur (2) Venus (3) Warum ist der Mars rot? Die Anleitungen bekommst du von PIECES-Team., ,30-60,,2,https://www.sivakids.de/jupiter-steckbrief/,,
110.0,Kerstin,Archiv,TOGETHER,- Merkur Temperatur,s. Anleitung,,,,1,https://www.sivakids.de/wp-content/uploads/2021/12/merkur-experiment.pdf,"2x Thermometer, Kleber, Styroporkugel 15 cm, 2 Gläser, Lampe, Lineal 30 cm",
111.0,Kerstin,Archiv,TOGETHER,- Venus,s. Anleitung,,,,1,https://www.sivakids.de/wp-content/uploads/2021/12/venus-versuch.pdf,"2x Thermometer, Styroporplatte, 2x Styroporkugeln 15 mm, 2x Gläser, Lampe, Klammer",
112.0,Kerstin,Archiv,TOGETHER,- Warum ist der Mars rot?,s. Anleitung,,,,1,https://www.sivakids.de/wp-content/uploads/2021/12/mars-farbe-experiment.pdf,"Gefäße, Pipette, Quarzsand, Stahlwolle (rostend)",
113.0,Kerstin,,TOGETHER,Stirb langsam - das Gallonenrätsel,"Löse ein bekanntes Rätsel aus einem Kultfilm. Dafür brauchst du 2 Kanister, einen mit 5 L und einen mit 3 L Fassungsvermögen. Ziel ist es genau 4 L abzumessen ohne weitere Hilfmittel. Findest du des Rätsels Lösung?", ,30,,2,,"5L Kanister, 3 L Kanister",
114.0,Kerstin,,TOGETHER,Wasserfilter bauen,Such dir einen Partner und baut euch entsprechend der Anleitung (link) einen Wasserfilter aus allem was ihr dafür am Lagerplatz findest und testet ihn mit dreckigem Wasser! Überlege wo du natürliche Wasserfilter findest..., ,30-60,,3,https://www.filterzentrale.com/wasserwelten/lifestyle/wasserfilter-bauen,"Platikflasche, Küchenpapier, Schnur",
115.0,Kerstin,,TOGETHER,Crime scene,"Wolltest du immer schon einmal wissen, wie dein Fingerabdruck vergrößert aussehen würde? Bemale dafür deinen Daumen mit einem Dunkel Stift und drücke ihn auf einen Luftballon. Warte ca. 1 min und blase den Ballon auf um dir deinen eigenen Fingerabdruck genauer anzuschauen.", ,10,,1,https://www.youtube.com/watch?v=O5I22pSPq1A,"Luftballon, Papier",
116.0,Kerstin,,TOGETHER,Enthüllung (Experiment),Stich ein Loch in eine Seifenblase ohne sie ganz zerplatzen zu lassen! Geht nicht?! dann versuch folgendes: nimm einen Rahmen (quard.) und leg ihn in Seifenwasser. Platziere vorsichtig eine ringförmige Schnur auf ihr und zerstich nun die Seifenblase in der Mitte. Et Voila!, ,10,,2,,"Rahmen quard., Faden, Nadel, Seifenblasenflüssigkeit",
117.0,Kerstin,,TOGETHER,Rauchkringel (Experiment),"Kennst du die Raucher aus den Filmen, die donutförmige Rauchkringel erzeugen?! Willst du wissen wie du selbst welche herstellen kannst, dann befolge folgende Anleitung: Nimm einen Pappbecher, schneide ein kleines Loch in den Boden; Stülpe einen Luftballon über den Becherboden; Zünde eine Kerze an, lass sie etwas brennen und lösche die Flamme indem du den Becher hinhälst und am Luftballon ziehst. Stelle nun den Becher über die Kerze um den Rauch zu sammeln; nimm den Becher und erzeuge Rauchkringel indem du am Luftballon ziehst und den Rauch aus dem Becher ""pustest""", ,5-10,,2,,"Luftballon, Pappbecher, Schere, Kerze ",
118.0,Kerstin,,TOGETHER,Gesichtsmaske,Mach eine DIY Gesichtsmaske und entspanne mit einem Freund(in) 10 min., ,10,,1,,"Haferflocken, Honig, Löffel, Schale o. Ä.",
119.0,Kerstin,Abstimmung,TOGETHER,Holzarmbänder DIY,Bastel dir ein Armband aus einem Eisstiel: Lege ihn für ca. 10 min in heißes Wasser; nimm ihn heraus und biege ihn vorsichtig; für eine schöne Biegung legst du ihn nun entlang der Glaswand (horizontal) wieder in ein leeres Wasserglas. Lass ihn ca. 1 Tag in der Sonne trocknen. Wenn du möchstest kannst du dein Armband auch bemalen..., ,30 +1d,,1,https://www.tollabea.de/tolla-holzarmband/,"Eisstiele, Stifte, Gläser, Wasserkocher",
120.0,Kerstin,,TOGETHER,Rätsel der Vielfalt (Black Stories),"Such dir 5 Mitspieler und spiele das Rätsel der Vielfalt, das du beim PIECES-Team bekommst.", ,30,,2,,Rästel der Vielfalt + Anleitung,
121.0,Kerstin,,TOGETHER,Freundschaftknoten,Mach einem Freund einen Freundschaftsknoten ins Halstuch., ,10,,1,,Anleitung,
122.0,Kerstin,,TOGETHER,Strickleiter,Baue die eine eigenen kleine Strickleiter mit nur einem Strick., ,30-60,,3,https://de.wikihow.com/Strickleiter-bauen,"Seile, Anleitung",
123.0,Kerstin,,TOGETHER,Handpfeife spielen,Folge der Anleitung und versuche ein paar Töne nur mit deinen Händen zu erzeugen., ,15-30,,3,https://de.wikihow.com/Mit-den-H%C3%A4nden-eine-Okarina-machen,-,
124.0,Kerstin,,TOGETHER,Schuh auf Fuß,Schau dir folgendes Video an und versuche selbst dein Glück: halte alles selbst auf Video fest! https://www.instagram.com/p/B9_aTGGDvBH/, ,20-30,,2,,-,
125.0,Kerstin,,TOGETHER,Regenschirm Trick,Schau dir folgendes Video an und versuche selbst dein Glück: halte alles selbst auf Video fest! https://weather.com/news/trending/video/coolest-umbrella-trick-how-does-he-do-it, ,20-30,,2,,Regenschirm selbstöffnend,
126.0,Kerstin,,TOGETHER,Upcyling II: Lacrosse,Bastel die aus Altpapier und einem Netzstoff einen Lacrosseschläger und Papierbälle und spiel eine Runde mit einem anderen CaEx., ,30,,3,https://heimatdinge.de/spiele-mit-kindern-fuer-drinnen/,Obstnetz/ Fliegengitter/ Netzstoff,
127.0,Kerstin,,TOGETHER,Augen zu! Alternative: Scout Duell,Holt dir eine Fragenliste beim PIECES-Team und sammle von 5 CaEx und/oder Leitern Antworten. Wichtig: die Antwort muss so schnell wie möglich genannt werden ohne vorher groß überlegt zu haben. Antworten müssen nicht unbedingt richtig sein! Schreibt diese auf und gebt sie beim PIECES-Team ab. Die besten Antworten werden gesammelt., ,60,,2,,"Fragenkatalog, Antwortzettel, Stift",
128.0,Kerstin,,TOGETHER,Glücksbringer Alternative,Hol dir 5 Patches und verteil sie an fremde Leute am Lagerplatz (schöne Augen; Coole Frisur; guter Style; Freundlich; sehr groß), ,30,,3,,Patches (>Kerstin),
129.0,Kerstin,,TOGETHER,Savonius Motor Alternative: Windrad,Bauen eine Windmühle mit der du kleine Gegenstände wie einen Teebeutel anheben kannst. Überlege welche Vor- und Nachteile Windenergie hat und schreibe einige Gedanken auf das Plakat!, ,30,,2,https://www.haus-der-kleinen-forscher.de/de/praxisanregungen/experimente-fuer-kinder/exp/die-kraft-des-windes,"Bleistift, Teebeutel, Strohhalm, Schaschlikspieß, Plastikflasche, Klebeband, Karton (3x3 cm)",
130.0,Kerstin,,TOGETHER,Blinder Fleck,"Ermittle in einem Experiment wo du in deinem Auge ""nichts sehen kannst"" bzw. wo dein Sehnerv einen Unterbrechung in deiner Netzhaut verursacht und dich an dieser Stelle ""blind"" macht. Die Anleitung bekommst du beim PIECES-Team. ", ,10,,2,,"Bleistift, A4 Papier, Lineal 30 cm",
131.0,,,,,, ,,,1,,,
132.0,,,,,, ,,,1,,,
133.0,Roland,,TOGETHER,Balanzierte Jause,"Auf einem Tisch sind Früchte oder Süsses diese Können nun mit Besteck gegessen werden , wenn auf einem Balance Board das Gleichgewicht gehalten werden kann", ,10,,2,,"Tisch , Brett , Scheitholz , Früchte",
134.0,Roland,,TOGETHER,CaEx Grimasse,Auf dem Boden liegend wird ein Keks auf die Stirn gelegt und dieses muss dann nur durch Gesichtsbewegungen in den Mund befördert werden, ,15,,1,,Kekse,
,,,,,, ,,,,,,
,,,,,, ,,,,,,
,,,,,, ,,,,,,
,,,,,, ,,,,,,
,,,,,, ,,, ,,,
,,,,,, ,,, ,,,
,,,,,, ,,, ,,,
,,,,,, ,,, ,,,
,,,,,, ,,, ,,,
,,,,,, ,,, ,,,
,,,,,, ,,, ,,,
,,,,,, ,,, ,,,
,,,,,, ,,, ,,,
,,,,,, ,,, ,,,
,,,,,, ,,, ,,,
,,,,,, ,,, ,,,
,,,,,, ,,, ,,,
,,,,,, ,,, ,,,
,,,,,,,,, ,,,
,,,,,,,,, ,,,
,,,,,,,,, ,,,
,,,,,,,,, ,,,
,,,,,,,,, ,,,
,,,,,,,,, ,,,
,,,,,,,,, ,,,
,,,,,,,,, ,,,
,,,,,,,,, ,,,
,,,,,,,,, ,,,
,,,,,,,,, ,,,
,,,,,,,,, ,,,
,,,,,,,,, ,,,
,,,,,,,,, ,,,
,,,,,,,,, ,,,
,,,,,,,,, ,,,
,,,,,,,,, ,,,
,,,,,,,,, ,,,
,,,,,,,,, ,,,
,,,,,,,,, ,,,
,,,,,,,,, ,,,
,,,,,,,,, ,,,
,,,,,,,,, ,,,
,,,,,,,,, ,,,
,,,,,,,,, ,,,
,,,,,,,,, ,,,
,,,,,,,,, ,,,
,,,,,,,,, ,,,
,,,,,,,,, ,,,
,,,,,,,,, ,,,
,,,,,,,,, ,,,
,,,,,,,,, ,,,
,,,,,,,,, ,,,
,,,,,,,,, ,,,
,,,,,,,,, ,,,
,,,,,,,,, ,,,
,,,,,,,,, ,,,
,,,,,,,,, ,,,
,,,,,,,,, ,,,
,,,,,,,,, ,,,
,,,,,,,,, ,,,
,,,,,,,,, ,,,
,,,,,,,,, ,,,
,,,,,,,,, ,,,
,,,,,,,,, ,,,
,,,,,,,,, ,,,
,,,,,,,,, ,,,
,,,,,,,,, ,,,
,,,,,,,,, ,,,
,,,,,,,,, ,,,
,,,,,,,,, ,,,
,,,,,,,,, ,,,
,,,,,,,,, ,,,
,,,,,,,,, ,,,
,,,,,,,,, ,,,
,,,,,,,,, ,,,
,,,,,,,,, ,,,
,,,,,,,,, ,,,
,,,,,,,,, ,,,
,,,,,,,,, ,,,
,,,,,,,,, ,,,
,,,,,,,,, ,,,
,,,,,,,,, ,,,
,,,,,,,,, ,,,
,,,,,,,,, ,,,
,,,,,,,,, ,,,
,,,,,,,,, ,,,
,,,,,,,,, ,,,
,,,,,,,,, ,,,
,,,,,,,,, ,,,
,,,,,,,,, ,,,
,,,,,,,,, ,,,
,,,,,,,,, ,,,
,,,,,,,,, ,,,
,,,,,,,,, ,,,
,,,,,,,,, ,,,
,,,,,,,,, ,,,
,,,,,,,,, ,,,
,,,,,,,,, ,,,
,,,,,,,,, ,,,
,,,,,,,,, ,,,
,,,,,,,,, ,,,
,,,,,,,,, ,,,
,,,,,,,,, ,,,
,,,,,,,,, ,,,
,,,,,,,,, ,,,
,,,,,,,,, ,,,
,,,,,,,,, ,,,
,,,,,,,,, ,,,
,,,,,,,,, ,,,
,,,,,,,,, ,,,
,,,,,,,,, ,,,
,,,,,,,,, ,,,
,,,,,,,,, ,,,
,,,,,,,,, ,,,
,,,,,,,,, ,,,
,,,,,,,,, ,,,
,,,,,,,,, ,,,
,,,,,,,,, ,,,
,,,,,,,,, ,,,
,,,,,,,,, ,,,
,,,,,,,,, ,,,
,,,,,,,,, ,,,
,,,,,,,,, ,,,
,,,,,,,,, ,,,
,,,,,,,,, ,,,
,,,,,,,,, ,,,
,,,,,,,,, ,,,
,,,,,,,,, ,,,
,,,,,,,,, ,,,
,,,,,,,,, ,,,
,,,,,,,,, ,,,
,,,,,,,,, ,,,
,,,,,,,,, ,,,
,,,,,,,,, ,,,
,,,,,,,,, ,,,
,,,,,,,,, ,,,
,,,,,,,,, ,,,
,,,,,,,,, ,,,
,,,,,,,,, ,,,
,,,,,,,,, ,,,
,,,,,,,,, ,,,
,,,,,,,,, ,,,
,,,,,,,,, ,,,
,,,,,,,,, ,,,
,,,,,,,,, ,,,
,,,,,,,,, ,,,
,,,,,,,,, ,,,
,,,,,,,,, ,,,
,,,,,,,,, ,,,
,,,,,,,,, ,,,
,,,,,,,,, ,,,
,,,,,,,,, ,,,
,,,,,,,,, ,,,
,,,,,,,,, ,,,
,,,,,,,,, ,,,
,,,,,,,,, ,,,
,,,,,,,,, ,,,
,,,,,,,,, ,,,
,,,,,,,,, ,,,
,,,,,,,,, ,,,
,,,,,,,,, ,,,
,,,,,,,,, ,,,
,,,,,,,,, ,,,
,,,,,,,,, ,,,
,,,,,,,,, ,,,
,,,,,,,,, ,,,
,,,,,,,,, ,,,
,,,,,,,,, ,,,
,,,,,,,,, ,,,
,,,,,,,,, ,,,
,,,,,,,,, ,,,
,,,,,,,,, ,,,
,,,,,,,,, ,,,
,,,,,,,,, ,,,
,,,,,,,,, ,,,
,,,,,,,,, ,,,
,,,,,,,,, ,,,
,,,,,,,,, ,,,
,,,,,,,,, ,,,
,,,,,,,,, ,,,
,,,,,,,,, ,,,
,,,,,,,,, ,,,
,,,,,,,,, ,,,
,,,,,,,,, ,,,
,,,,,,,,, ,,,
,,,,,,,,, ,,,
,,,,,,,,, ,,,
,,,,,,,,, ,,,
,,,,,,,,, ,,,
,,,,,,,,, ,,,
,,,,,,,,, ,,,
,,,,,,,,, ,,,
,,,,,,,,, ,,,
,,,,,,,,, ,,,
,,,,,,,,, ,,,
,,,,,,,,, ,,,
